Country_Region,Confirmed,Deaths
Afghanistan,175353,7630
Albania,272337,3483
Algeria,265323,6858
Andorra,38710,152
Angola,98829,1900
Antarctica,11,0
Antigua and Barbuda,7455,135
Argentina,8949362,126901
Armenia,421541,8552
Australia,56474,34
Australia,1405566,1960
Australia,43866,30
Australia,608063,610
Australia,164675,212
Australia,53390,26
Australia,1097997,2611
Australia,29839,12
Austria,2924852,15071
Azerbaijan,789757,9547
Bahamas,33180,771
Bahrain,530730,1461
Bangladesh,1948148,29096
Barbados,56376,323
Belarus,932949,6594
Belgium,547514,0
Belgium,415235,0
Belgium,463641,0
Belgium,334041,0
Belgium,419566,0
Belgium,348523,0
Belgium,257470,0
Belgium,94955,0
Belgium,162813,0
Belgium,53288,30313
Belgium,136593,0
Belgium,375483,0
Belize,56952,652
Benin,26575,163
Bhutan,15560,7
Bolivia,895424,21469
Bosnia and Herzegovina,372645,15590
Botswana,263950,2619
Brazil,122809,1985
Brazil,293826,6762
Brazil,160149,2113
Brazil,576056,14133
Brazil,1512109,29402
Brazil,1231567,26451
Brazil,686632,11482
Brazil,1029355,14206
Brazil,1194665,25875
Brazil,416199,10837
Brazil,714295,14779
Brazil,509080,10415
Brazil,3250989,59999
Brazil,729850,17926
Brazil,582380,10135
Brazil,2365443,42543
Brazil,852103,21166
Brazil,366202,7691
Brazil,481680,8071
Brazil,2192155,38552
Brazil,2017580,72014
Brazil,381087,7102
Brazil,154034,2137
Brazil,1635891,21486
Brazil,5074665,165484
Brazil,321671,6273
Brazil,299846,4115
Brunei,97018,151
Bulgaria,1105968,35964
Burkina Faso,20751,375
Burma,601020,19394
Burundi,38178,38
Cabo Verde,55903,401
Cambodia,133065,3043
Cameroon,119322,1926
Canada,529184,3979
Canada,351141,2915
Canada,0,1
Canada,13,0
Canada,132089,1700
Canada,40312,312
Canada,26972,68
Canada,9325,19
Canada,47089,212
Canada,3170,5
Canada,1129672,12644
Canada,17623,16
Canada,930748,14120
Canada,13,0
Canada,128289,1135
Canada,3524,22
Central African Republic,14320,113
Chad,7258,190
Chile,116227,1418
Chile,194406,1803
Chile,53209,647
Chile,59875,430
Chile,22250,135
Chile,309939,3257
Chile,112341,1278
Chile,177323,1757
Chile,96645,878
Chile,47522,575
Chile,208744,2119
Chile,1245525,21348
Chile,87696,791
Chile,132527,1790
Chile,77474,950
Chile,43,0
Chile,272580,4084
China,1013,6
China,1565,9
China,624,6
China,1589,1
China,407,2
China,5508,8
China,1225,2
China,162,2
China,193,6
China,1526,7
China,2095,13
China,2690,22
China,525242,2578
China,68380,4512
China,1235,4
China,1659,1
China,1816,0
China,959,1
China,869,3
China,1036,2
China,82,0
China,122,0
China,30,0
China,2850,3
China,1398,7
China,4631,7
China,293,0
China,1535,3
China,1170,3
China,1,0
China,0,0
China,996,3
China,1987,2
China,2293,1
Colombia,7552,264
Colombia,916986,18194
Colombia,16182,523
Colombia,401736,10111
Colombia,196793,3236
Colombia,124629,2772
Colombia,116774,2519
Colombia,1761053,29209
Colombia,24862,1014
Colombia,41524,994
Colombia,72072,1783
Colombia,106240,2665
Colombia,18575,426
Colombia,118864,3924
Colombia,317296,7245
Colombia,2753,37
Colombia,5582,105
Colombia,100142,3488
Colombia,56183,1518
Colombia,114663,3619
Colombia,104775,2528
Colombia,104343,3296
Colombia,119386,5058
Colombia,20452,769
Colombia,70730,2050
Colombia,106178,2464
Colombia,10147,154
Colombia,282417,8136
Colombia,65602,1712
Colombia,124154,3989
Colombia,0,300
Colombia,539493,14972
Colombia,1886,19
Colombia,3392,61
Comoros,8051,160
Congo (Brazzaville),24020,378
Congo (Kinshasa),86154,1335
Costa Rica,818996,8136
Cote d'Ivoire,81559,795
Croatia,1065001,15250
Cuba,1073951,8501
Cyprus,338517,883
Czechia,3642514,38986
Denmark,34658,28
Denmark,11825,20
Denmark,2891763,4948
Diamond Princess,712,13
Djibouti,15550,189
Dominica,11248,61
Dominican Republic,576129,4371
Ecuador,841575,35309
Egypt,492774,24244
El Salvador,156364,4092
Equatorial Guinea,15894,183
Eritrea,9716,103
Estonia,520407,2308
Eswatini,69331,1391
Ethiopia,469047,7477
Fiji,64034,834
Finland,694142,2571
France,77866,394
France,68975,643
France,126256,919
France,122782,899
France,36703,187
France,58733,304
France,310181,680
France,3780,6
France,1125,1
France,9912,63
France,454,7
France,22530160,136539
Gabon,47562,303
Gambia,11963,365
Georgia,1629065,16430
Germany,2321088,14528
Germany,3047235,21708
Germany,775291,4281
Germany,564058,5264
Germany,121281,693
Germany,365287,2334
Germany,1143512,9312
Germany,275562,1824
Germany,1182048,7639
Germany,3345573,22650
Germany,646343,5073
Germany,177261,1425
Germany,1009038,14390
Germany,457290,4814
Germany,359203,2168
Germany,452060,6666
Germany,83957,0
Ghana,160640,1442
Greece,2538168,26303
Grenada,13690,216
Guatemala,795808,17106
Guinea,36427,440
Guinea-Bissau,8038,168
Guyana,63076,1223
Haiti,30400,825
Holy See,29,0
Honduras,414714,10812
Hungary,1807285,44495
Iceland,150467,73
India,10025,129
India,2318547,14729
India,64475,296
India,724167,6639
India,830311,12255
India,91819,1165
India,1151603,14033
India,11440,4
India,1862047,26139
India,245143,3829
India,1223360,10938
India,983312,10577
India,283836,4124
India,453323,4749
India,434669,5315
India,3942927,40004
India,6515103,66374
India,28139,228
India,11401,52
India,1040254,10733
India,7869498,143745
India,136921,2115
India,93614,1586
India,219156,665
India,35434,757
India,1286117,9101
India,165748,1962
India,758517,17722
India,1281614,9545
India,39097,443
India,3451322,38019
India,789951,4111
India,100869,919
India,0,0
India,2069363,23485
India,436781,7687
India,2015980,21181
Indonesia,5800253,150831
Iran,7102159,138260
Iraq,2309816,25076
Ireland,1326946,6571
Israel,3688096,10322
Italy,272064,3003
Italy,87246,782
Italy,230705,2151
Italy,1236215,9847
Italy,1202206,16021
Italy,312758,4815
Italy,1106523,10516
Italy,353041,5139
Italy,2367735,38831
Italy,338879,3619
Italy,41095,575
Italy,192237,1418
Italy,141216,1527
Italy,992251,13100
Italy,763927,7745
Italy,185834,2099
Italy,825196,9655
Italy,877431,9162
Italy,192299,1751
Italy,31769,522
Italy,1358900,13923
Jamaica,128228,2831
Japan,353432,1764
Japan,11289,40
Japan,24925,71
Japan,295591,1442
Japan,19088,121
Japan,15654,40
Japan,253947,1020
Japan,26899,189
Japan,57129,290
Japan,56584,264
Japan,79421,418
Japan,186256,1829
Japan,286082,1918
Japan,83990,322
Japan,27802,176
Japan,12850,64
Japan,21624,85
Japan,34301,136
Japan,499386,1818
Japan,13493,88
Japan,53580,251
Japan,134182,500
Japan,45265,255
Japan,45457,154
Japan,20234,100
Japan,33725,156
Japan,28701,111
Japan,61813,299
Japan,32160,80
Japan,26243,109
Japan,52959,211
Japan,105878,430
Japan,700896,4166
Japan,4463,4
Japan,25874,67
Japan,346511,1227
Japan,55320,158
Japan,7197,8
Japan,98829,352
Japan,50122,212
Japan,12853,76
Japan,1075696,3839
Japan,7502,10
Japan,21299,68
Japan,8,0
Japan,24433,106
Japan,13207,73
Japan,23370,144
Japan,18563,56
Jordan,1654677,13882
Kazakhstan,1392338,18980
Kenya,323115,5641
Kiribati,3000,13
"Korea, South",5212118,9440
Kosovo,226680,3120
Kuwait,624205,2548
Kyrgyzstan,200658,2968
Laos,144551,633
Latvia,712271,5369
Lebanon,1080381,10169
Lesotho,32716,697
Liberia,7384,294
Libya,498839,6314
Liechtenstein,13222,79
Lithuania,938968,8548
Luxembourg,188748,999
MS Zaandam,9,2
Madagascar,63791,1373
Malawi,85452,2619
Malaysia,336755,4183
Malaysia,255616,2359
Malaysia,227695,1339
Malaysia,103399,1026
Malaysia,159500,1379
Malaysia,143023,870
Malaysia,161712,1575
Malaysia,13897,153
Malaysia,228749,1840
Malaysia,354540,3039
Malaysia,270415,1634
Malaysia,1010562,10271
Malaysia,105364,798
Malaysia,0,0
Malaysia,275686,2736
Malaysia,18746,152
Malaysia,15294,30
Maldives,173337,297
Mali,30401,725
Malta,72130,610
Marshall Islands,7,0
Mauritania,58654,980
Mauritius,169796,904
Mexico,61705,3467
Mexico,130194,12114
Mexico,101286,2622
Mexico,33489,2226
Mexico,34746,2390
Mexico,125965,9833
Mexico,1366421,42333
Mexico,143702,8722
Mexico,54225,2176
Mexico,67737,3558
Mexico,277113,14746
Mexico,97719,6676
Mexico,89808,8324
Mexico,234286,19241
Mexico,528556,46737
Mexico,93199,8738
Mexico,66703,5178
Mexico,57733,3139
Mexico,309540,14859
Mexico,117996,6056
Mexico,167075,16294
Mexico,140248,6135
Mexico,91092,4336
Mexico,180600,7417
Mexico,120047,9561
Mexico,162567,9974
Mexico,189393,6015
Mexico,141284,7913
Mexico,43155,3055
Mexico,0,0
Mexico,172211,15979
Mexico,108481,6525
Mexico,67332,3827
Micronesia,1,0
Moldova,505996,11298
Monaco,9605,51
Mongolia,913444,2176
Montenegro,231115,2689
Morocco,1161776,16029
Mozambique,225150,2197
Namibia,157358,4014
Nepal,977641,11949
Netherlands,33732,212
Netherlands,7633,31
Netherlands,39185,264
Netherlands,157586,438
Netherlands,157836,323
Netherlands,231196,597
Netherlands,814503,2698
Netherlands,197535,342
Netherlands,447111,2110
Netherlands,1069766,3607
Netherlands,1132503,3264
Netherlands,465650,1379
Netherlands,9589,85
Netherlands,84139,21
Netherlands,563692,1510
Netherlands,141474,371
Netherlands,1459004,4985
New Zealand,2,0
New Zealand,286750,65
Nicaragua,18203,225
Niger,8769,307
Nigeria,254777,3142
North Macedonia,300106,9097
Norway,1325909,1664
Oman,385513,4249
Pakistan,43140,789
Pakistan,35399,377
Pakistan,11592,191
Pakistan,134700,1019
Pakistan,217503,6291
Pakistan,503128,13535
Pakistan,570688,8085
Palau,3864,6
Panama,758312,8122
Papua New Guinea,41533,639
Paraguay,644609,18494
Peru,43598,1332
Peru,124283,7046
Peru,38472,1607
Peru,210750,10166
Peru,47860,2300
Peru,95346,4405
Peru,145812,10437
Peru,116075,5094
Peru,25429,1253
Peru,51696,2851
Peru,102912,8871
Peru,124954,7384
Peru,145559,10849
Peru,104765,9186
Peru,1594692,92474
Peru,57696,4365
Peru,17645,835
Peru,48089,1604
Peru,23744,1086
Peru,156821,12974
Peru,65013,4668
Peru,61623,3126
Peru,53526,2109
Peru,26808,1678
Peru,39316,3207
Peru,6455,345
Philippines,3668710,57072
Poland,5760498,112768
Portugal,3352874,21248
Qatar,358564,671
Romania,2776910,64094
Russia,45868,919
Russia,248477,8141
Russia,32659,587
Russia,97289,721
Russia,218782,1596
Russia,112092,2866
Russia,248081,5344
Russia,120098,2065
Russia,150361,3564
Russia,128617,2898
Russia,42494,1072
Russia,297566,7088
Russia,5204,41
Russia,74627,4466
Russia,90475,3552
Russia,39618,543
Russia,260147,7967
Russia,102544,2898
Russia,16081,486
Russia,59221,1791
Russia,154264,1660
Russia,48108,820
Russia,97576,1369
Russia,37770,595
Russia,44089,976
Russia,127865,1415
Russia,149374,2163
Russia,183324,1457
Russia,85047,2273
Russia,200145,2429
Russia,144133,905
Russia,162932,2957
Russia,83627,1246
Russia,236195,10490
Russia,350358,10148
Russia,93454,1248
Russia,108985,2314
Russia,174861,3377
Russia,133519,3350
Russia,19061,380
Russia,43611,1062
Russia,61809,1291
Russia,2713634,41886
Russia,948518,14362
Russia,129312,3144
Russia,6939,93
Russia,384098,11195
Russia,39540,1220
Russia,94583,961
Russia,238543,5099
Russia,195857,3947
Russia,102307,1770
Russia,197511,3766
Russia,164988,5351
Russia,339032,8465
Russia,160470,1839
Russia,102060,1622
Russia,340156,10456
Russia,107298,3112
Russia,1465194,32412
Russia,164215,2035
Russia,62098,773
Russia,354199,7225
Russia,220274,5701
Russia,122754,2816
Russia,187682,6861
Russia,388722,10370
Russia,104083,2247
Russia,127268,1762
Russia,111213,757
Russia,142643,4917
Russia,150795,2604
Russia,174681,4002
Russia,44171,341
Russia,156462,3664
Russia,180513,4424
Russia,140712,3255
Russia,193764,6479
Russia,172907,3465
Russia,347274,7798
Russia,130970,1016
Russia,144043,2547
Russia,153953,2201
Rwanda,129567,1459
Saint Kitts and Nevis,5537,42
Saint Lucia,22808,364
Saint Vincent and the Grenadines,8321,106
Samoa,41,0
San Marino,14581,112
Sao Tome and Principe,5939,72
Saudi Arabia,747934,9011
Senegal,85772,1962
Serbia,1930437,15488
Seychelles,39605,163
Sierra Leone,7666,125
Singapore,846341,1084
Slovakia,2216994,18750
Slovenia,907630,6374
Solomon Islands,8150,118
Somalia,26400,1359
South Africa,3686556,99625
South Sudan,17025,137
Spain,1356721,12905
Spain,399795,4892
Spain,196388,2510
Spain,257053,1220
Spain,1309149,9065
Spain,302069,1597
Spain,126863,778
Spain,475397,7106
Spain,658686,8302
Spain,2298271,18460
Spain,18990,145
Spain,239555,2244
Spain,541377,3127
Spain,90011,909
Spain,1609483,17501
Spain,20335,152
Spain,378411,2176
Spain,224767,1502
Spain,656253,6268
Spain,0,0
Sri Lanka,653029,16339
Sudan,61631,4865
Summer Olympics 2020,865,0
Suriname,78623,1319
Sweden,29094,153
Sweden,67665,427
Sweden,72451,628
Sweden,11249,60
Sweden,103004,403
Sweden,32176,147
Sweden,85137,641
Sweden,58796,311
Sweden,48286,369
Sweden,47610,355
Sweden,90362,421
Sweden,93221,755
Sweden,334116,2176
Sweden,61995,553
Sweden,564066,5093
Sweden,87785,638
Sweden,63301,287
Sweden,54757,259
Sweden,52056,551
Sweden,74325,440
Sweden,429331,2882
Switzerland,2974778,13203
Syria,55140,3102
Taiwan*,20922,853
Tajikistan,17786,125
Tanzania,33620,798
Thailand,3088873,23438
Timor-Leste,22768,129
Togo,36838,272
Tonga,1059,0
Trinidad and Tobago,130964,3667
Tunisia,1016894,27959
Turkey,14425638,95811
US,15547,204
US,55135,656
US,5454,94
US,6395,99
US,14853,227
US,2283,49
US,5038,123
US,32131,597
US,8443,157
US,5097,81
US,10728,195
US,2039,35
US,7055,97
US,4080,78
US,3548,68
US,13324,227
US,16193,244
US,2840,66
US,2929,55
US,9247,224
US,3779,95
US,24441,355
US,12435,222
US,8342,233
US,18615,314
US,22912,334
US,9964,159
US,28717,616
US,4944,93
US,9827,137
US,6202,156
US,1856,48
US,4669,101
US,4447,71
US,24956,483
US,14974,230
US,183655,2247
US,3683,62
US,23970,375
US,7602,153
US,37555,319
US,24735,276
US,2602,75
US,3840,78
US,88518,904
US,5153,104
US,8024,147
US,27145,375
US,112836,1590
US,5259,78
US,54499,886
US,35888,487
US,0,0
US,2089,43
US,5200,98
US,7417,128
US,5055,74
US,10011,82
US,60006,426
US,25161,404
US,2563,48
US,22191,357
US,11321,226
US,55222,738
US,0,0
US,18507,424
US,3719,57
US,2865,43
US,7556,121
US,1035,3
US,1679,2
US,101003,510
US,8898,40
US,0,0
US,804,1
US,1874,9
US,950,8
US,391,1
US,1558,11
US,27168,130
US,600,1
US,7987,20
US,17223,101
US,3814,21
US,4868,11
US,3688,11
US,33974,232
US,5517,5
US,4292,11
US,4283,13
US,699,3
US,1388,8
US,2256,6
US,136,0
US,2003,17
US,893,1
US,0,0
US,457,1
US,486,5
US,1332,9
US,304,0
US,21912,582
US,31019,536
US,43086,454
US,16863,352
US,11890,168
US,2203,31
US,5129,132
US,1248818,15625
US,56913,1366
US,37678,850
US,0,0
US,250137,3623
US,128929,1524
US,16561,224
US,17,0
US,47443,1125
US,62171,1116
US,5653,78
US,5077,62
US,8582,238
US,66058,793
US,9340,166
US,2981,46
US,936,9
US,6027,97
US,2749,56
US,5225,77
US,4068,90
US,6394,122
US,2244,35
US,5297,89
US,5419,58
US,36829,318
US,15723,239
US,13878,213
US,4775,78
US,1731,29
US,3010,38
US,4647,65
US,34812,305
US,3774,71
US,2655,85
US,22711,482
US,4384,59
US,15746,167
US,4497,58
US,11046,125
US,3738,48
US,10543,199
US,3860,65
US,5983,55
US,18513,267
US,6663,75
US,1275,30
US,5149,73
US,2882,58
US,4899,65
US,3234,89
US,5062,72
US,19707,231
US,3883,59
US,3326,85
US,9408,161
US,13176,195
US,1915,31
US,1487,56
US,2155,44
US,1703,45
US,5401,95
US,2487,34
US,4745,94
US,2547,40
US,7870,121
US,4087,138
US,18307,194
US,1951,41
US,102200,1140
US,4946,80
US,30574,312
US,2268,39
US,2089,41
US,32475,504
US,5821,69
US,4586,100
US,7055,87
US,2887,61
US,26347,0
US,9123,165
US,3441,59
US,67588,594
US,21811,272
US,1709,27
US,6782,102
US,266180,1766
US,126,0
US,9022,84
US,39310,378
US,7596,116
US,4512,21
US,198967,1256
US,5945,48
US,29645,196
US,249597,2653
US,6476,43
US,19763,140
US,65649,890
US,4528,56
US,240461,2167
US,54643,433
US,11427,130
US,10672,65
US,2805949,31084
US,43139,363
US,35097,272
US,2980,28
US,15853,124
US,70095,791
US,979,7
US,3079,5
US,91184,706
US,26460,136
US,17117,122
US,582832,6696
US,0,0
US,69493,591
US,3053,13
US,615445,6279
US,300773,2971
US,13352,97
US,582245,6703
US,791352,5068
US,132238,807
US,174375,2091
US,55541,448
US,125957,730
US,90135,659
US,320714,2202
US,48708,255
US,36477,573
US,314,4
US,7117,74
US,86313,435
US,84597,477
US,136243,1687
US,22300,217
US,14548,158
US,1465,20
US,131841,1316
US,12972,179
US,5551,3
US,181078,1445
US,39043,306
US,16876,115
US,129150,1234
US,4439,60
US,147235,1134
US,2843,14
US,821,8
US,2492,47
US,61102,345
US,12985,111
US,4335,42
US,321,9
US,1502,11
US,1697,52
US,662,15
US,3142,28
US,627,19
US,5932,130
US,165227,1275
US,353,8
US,75651,398
US,15693,35
US,180025,1594
US,4674,37
US,14690,177
US,14255,89
US,928,4
US,3433,23
US,3296,14
US,121,0
US,1428,31
US,164,0
US,118750,1305
US,330,6
US,1583,30
US,12550,80
US,1778,2
US,74332,460
US,3520,40
US,2056,9
US,7155,106
US,41546,528
US,224,1
US,2944,51
US,6047,67
US,9098,158
US,5491,134
US,4212,125
US,842,6
US,0,0
US,2748,20
US,862,18
US,6242,6
US,2584,48
US,44459,771
US,1650,13
US,2741,46
US,6269,24
US,1155,12
US,192,0
US,2225,8
US,474,8
US,9589,14
US,4729,55
US,121,0
US,1037,27
US,80895,684
US,1849,23
US,199642,2653
US,175119,3060
US,31313,450
US,27528,475
US,192702,2755
US,53972,634
US,20189,264
US,2825,6
US,25443,294
US,49760,610
US,145762,1338
US,60926,804
US,919,0
US,49,0
US,134623,1319
US,67680,588
US,8647,132
US,46333,778
US,7462,138
US,133142,1973
US,599698,5546
US,4079,91
US,35555,709
US,29446,925
US,53429,770
US,84241,970
US,21153,346
US,9306,141
US,4018,53
US,252744,3154
US,81336,1242
US,22245,311
US,3107,50
US,13399,185
US,4501,75
US,1988,35
US,4289,70
US,3816,52
US,8631,118
US,11688,158
US,41834,1009
US,23986,632
US,373147,3383
US,5411,83
US,32286,627
US,14781,258
US,3944,44
US,2765,51
US,84706,1421
US,189844,2036
US,85491,606
US,10208,121
US,2495,27
US,5833,69
US,95522,1345
US,83081,2007
US,30332,588
US,1178827,10320
US,18279,115
US,22082,272
US,51370,656
US,10642,165
US,375092,2570
US,113325,1062
US,366129,4843
US,121544,1781
US,208909,3147
US,199330,2802
US,17521,405
US,48465,584
US,90235,1488
US,103020,1022
US,62653,518
US,73837,1137
US,21577,506
US,12934,276
US,6992,99
US,2962,2318
US,4300,111
US,116576,1786
US,9911,118
US,17337,204
US,6604,104
US,4748,119
US,2104,47
US,3530,73
US,534,14
US,9465,225
US,3859,84
US,21814,246
US,28773,434
US,4289,118
US,4903,79
US,36703,750
US,3307,93
US,4106,103
US,3400,82
US,8927,85
US,15355,250
US,5254,103
US,6440,149
US,1343,22
US,11030,113
US,2060,91
US,23599,430
US,14216,154
US,2966,62
US,61536,832
US,6807,21
US,6524,127
US,62708,592
US,29500,216
US,515,6
US,63186,917
US,2081,40
US,169642,1706
US,10786,261
US,11012,230
US,35463,367
US,4868,70
US,32758,466
US,1768,52
US,4639,133
US,3150,28
US,6833,98
US,144646,1618
US,7078,126
US,5176,148
US,2358,67
US,19365,478
US,34619,377
US,2710,60
US,928,11
US,12880,187
US,4527,105
US,5855,153
US,2325,63
US,5087,144
US,22073,303
US,26949,497
US,54348,366
US,5329,94
US,212651,2167
US,6845,167
US,605,25
US,22890,393
US,15752,254
US,5689,108
US,3888,80
US,205546,1796
US,9962,252
US,53077,804
US,1566,87
US,5385,162
US,6024,107
US,4816,89
US,2160,49
US,57348,652
US,39131,476
US,1872,45
US,21167,278
US,3114,68
US,3927,69
US,3631,107
US,1485,66
US,2240,71
US,4997,107
US,4817,111
US,2252,22
US,13685,289
US,7200,98
US,12144,143
US,1588,35
US,2739,34
US,30784,372
US,7099,127
US,2121,48
US,6919,97
US,1500,49
US,5009,94
US,2411,35
US,4440,138
US,1696,30
US,5151,112
US,5835,167
US,2020,49
US,4484,59
US,11399,178
US,37706,768
US,24375,426
US,8686,102
US,3188,50
US,79028,1380
US,37716,418
US,6105,122
US,8247,159
US,5641,124
US,5389,88
US,11750,186
US,2142,72
US,4448,101
US,409,4
US,3623,92
US,1469,47
US,49583,843
US,18244,310
US,1146,8
US,2597,67
US,2123,28
US,15724,394
US,6240,138
US,2445,32
US,6767,160
US,1156,31
US,264,3
US,5086,130
US,1963,52
US,3039,80
US,2027,60
US,11624,203
US,11475,212
US,7003,192
US,2362,104
US,1623,59
US,15360,368
US,2533,55
US,1526,68
US,10416,20
US,4814,148
US,7689,227
US,16352,227
US,21818,416
US,9890,270
US,1053,28
US,4346,132
US,7684,202
US,436,7
US,1406,38
US,6753,153
US,33718,412
US,1983,68
US,2228,48
US,2219,53
US,4604,110
US,103,3
US,45837,334
US,25974,182
US,164576,998
US,11526,29
US,29646,133
US,5796,12
US,0,0
US,131382,992
US,692,15
US,20729,241
US,907,15
US,1991,40
US,9730,150
US,5671,30
US,1062,13
US,8480,176
US,30799,281
US,2024,57
US,476,9
US,148,2
US,61210,673
US,1476,24
US,4879,52
US,108,0
US,2272,31
US,524,8
US,6927,69
US,2330,29
US,2148,26
US,3628,78
US,3134,55
US,2914,50
US,6030,62
US,5697,64
US,39307,581
US,6660,48
US,1250,25
US,1126,28
US,1052,15
US,12648,49
US,4016,62
US,8874,141
US,796,11
US,2259,52
US,5516,84
US,1463,20
US,2606,75
US,2688,8
US,22462,283
US,0,0
US,2529,16
US,2361,56
US,22219,201
US,1272,15
US,4294,29
US,13708,115
US,2393,15
US,8300,127
US,1516,5
US,4221,47
US,4584,35
US,61654,286
US,10096,110
US,4817,52
US,4731,67
US,11840,113
US,15153,167
US,1114942,14131
US,6162,44
US,3336,37
US,4298,37
US,23069,192
US,6431,54
US,206492,1683
US,5116,58
US,1748,27
US,10576,133
US,7056,98
US,4385,64
US,12239,164
US,9963,126
US,1394,16
US,3580,44
US,12543,134
US,2164,31
US,4361,45
US,1048,19
US,1147,17
US,12579,116
US,7109,111
US,15443,118
US,2668,26
US,11001,171
US,6170,68
US,3989,35
US,4432,40
US,124817,1105
US,28647,359
US,30582,156
US,12475,209
US,28678,377
US,147617,1340
US,5478,41
US,8715,78
US,10640,136
US,9390,84
US,30272,334
US,12668,137
US,69868,778
US,11810,206
US,2739,31
US,3875,59
US,3842,66
US,7136,87
US,75124,468
US,49147,287
US,3482,19
US,3975,47
US,9435,130
US,9746,101
US,9386,125
US,4045,44
US,13876,128
US,4,0
US,46089,508
US,7402,97
US,4358,22
US,4996,65
US,950,8
US,1717,18
US,1122,9
US,10394,121
US,5149,74
US,32897,468
US,7813,92
US,54379,381
US,1940,17
US,1244,11
US,6163,73
US,63226,716
US,1506,32
US,11416,154
US,36337,457
US,94,2433
US,5337,63
US,27830,287
US,3696,27
US,3977,81
US,3407,34
US,5267,82
US,4391,48
US,15240,223
US,160169,1501
US,22437,244
US,75924,799
US,10286,111
US,7246,111
US,103373,1128
US,21246,240
US,2466,21
US,3103,65
US,15079,167
US,2582,61
US,4202,57
US,11595,155
US,30899,366
US,6813,84
US,9164,113
US,2533,35
US,7451,147
US,11302,144
US,13382,125
US,6979,133
US,24669,410
US,12824,161
US,53930,686
US,6708,138
US,18813,276
US,5367,93
US,4359,54
US,4884,99
US,11601,136
US,17231,330
US,7167,130
US,81377,608
US,20580,245
US,10743,130
US,40611,522
US,12912,222
US,25315,422
US,11462,148
US,12477,120
US,8966,137
US,4827,70
US,9324,142
US,6926,95
US,42150,571
US,10704,144
US,19683,225
US,5834,100
US,25294,350
US,105597,1706
US,11802,249
US,32518,605
US,224030,2828
US,12281,182
US,2158,24
US,9218,150
US,27461,267
US,10618,160
US,16386,259
US,2544,66
US,13027,152
US,1441,19
US,5019,90
US,5805,110
US,3588,45
US,4630,62
US,3716,46
US,37275,530
US,6515,56
US,3059,83
US,9274,120
US,5875,139
US,8249,134
US,4824,58
US,7839,100
US,13546,164
US,5208,58
US,70271,825
US,4707,90
US,9603,115
US,5252,71
US,2305,19
US,49687,375
US,3502,80
US,0,899
US,2015,20
US,57070,596
US,4052,73
US,28774,396
US,8690,150
US,2074,27
US,20197,227
US,5974,77
US,18781,323
US,6483,127
US,6812,90
US,9627,80
US,1577,50
US,815,13
US,2843,59
US,2887,65
US,1099,19
US,5986,74
US,32500,457
US,5429,53
US,5452,79
US,4558,57
US,6419,56
US,3185,52
US,2584,22
US,4910,65
US,2943,75
US,4109,33
US,11018,159
US,2952,60
US,2663,31
US,2244,35
US,4076,41
US,3445,72
US,11470,143
US,4511,52
US,22856,135
US,1586,29
US,1506,24
US,3992,68
US,9058,129
US,4119,71
US,25773,292
US,2341,51
US,4061,71
US,3502,61
US,2499,40
US,1373,24
US,1711,21
US,2538,40
US,2337,44
US,3462,70
US,2822,46
US,4099,58
US,3412,93
US,5524,67
US,2029,31
US,2601,37
US,1797,47
US,3653,48
US,4591,68
US,8599,105
US,3455,50
US,33682,139
US,5419,71
US,2039,47
US,3761,86
US,7802,137
US,51552,560
US,2468,60
US,1737,31
US,2721,48
US,3130,38
US,4870,84
US,7497,119
US,9352,108
US,3328,42
US,2454,49
US,1714,47
US,1875,48
US,2193,52
US,9500,130
US,3401,71
US,1392,22
US,3323,45
US,2024,37
US,6303,97
US,1573,27
US,123641,1053
US,24100,305
US,3551,60
US,1126,33
US,2386,32
US,40802,375
US,2701,50
US,7973,85
US,19614,82
US,3834,87
US,1316,21
US,1510,0
US,2707,49
US,1373,26
US,8919,190
US,12397,133
US,5610,76
US,1262,33
US,10280,154
US,2935,44
US,3782,46
US,28717,324
US,1748,14
US,3603,62
US,3946,46
US,2105,27
US,4257,33
US,1038,8
US,6478,86
US,4378,46
US,2679,47
US,18824,166
US,673,7
US,839,17
US,6133,84
US,660,14
US,493,7
US,1964,33
US,2211,36
US,2405,39
US,439,15
US,10064,147
US,11838,124
US,613,19
US,4784,73
US,2429,32
US,25201,131
US,560,13
US,569,8
US,7120,80
US,2012,31
US,11516,106
US,10586,108
US,6899,77
US,9185,73
US,785,23
US,565,13
US,2198,34
US,1230,23
US,333,3
US,1778,22
US,462,3
US,1647,25
US,9523,117
US,961,11
US,409,10
US,3873,27
US,4739,60
US,785,13
US,144413,1176
US,1233,20
US,1950,26
US,667,7
US,6593,72
US,295,11
US,19248,174
US,619,10
US,2809,26
US,840,12
US,9935,115
US,3313,39
US,2541,41
US,7763,124
US,1218,19
US,7698,87
US,1423,19
US,9390,141
US,1496,26
US,622,11
US,3229,60
US,5123,62
US,779,18
US,2144,37
US,3888,44
US,790,16
US,1190,16
US,0,0
US,2118,23
US,1355,29
US,5699,55
US,1925,30
US,677,9
US,18471,219
US,1345,14
US,2598,22
US,13400,79
US,1364,20
US,808,18
US,1871,36
US,14070,230
US,1277,34
US,144488,1252
US,6917,59
US,47915,566
US,786,18
US,1500,19
US,644,8
US,1134,26
US,430,8
US,1458,18
US,5627,66
US,2373,27
US,750,9
US,0,0
US,1632,22
US,436,5
US,1391,20
US,494,8
US,2799,40
US,794,12
US,46652,461
US,5549,99
US,6530,94
US,6225,65
US,1257,27
US,12759,207
US,2916,38
US,8774,132
US,36286,268
US,5914,51
US,16052,165
US,8324,122
US,2099,24
US,3560,50
US,4986,72
US,20927,195
US,3837,49
US,4013,58
US,7908,85
US,22384,153
US,969,19
US,3437,42
US,8457,97
US,3955,66
US,16048,196
US,9932,53
US,7746,82
US,3393,43
US,2145,45
US,2153,28
US,30831,359
US,2528,38
US,2249,16
US,4063,42
US,93315,555
US,3648,48
US,12296,159
US,13192,135
US,1151,24
US,2162,45
US,4733,71
US,6756,52
US,11322,160
US,8034,122
US,3526,38
US,11883,126
US,2446,21
US,32241,403
US,9085,184
US,6111,62
US,5341,94
US,13688,147
US,4735,46
US,818,23
US,14692,244
US,4203,71
US,220855,2091
US,14976,130
US,5913,97
US,40963,370
US,4045,57
US,11378,125
US,3709,68
US,18393,203
US,4475,59
US,2891,46
US,3638,39
US,6761,96
US,4445,79
US,6209,121
US,2328,58
US,8285,113
US,2819,33
US,27461,251
US,3813,41
US,6342,75
US,8347,97
US,3229,45
US,4558,97
US,17817,229
US,5145,74
US,2598,46
US,5743,64
US,1509,30
US,7271,99
US,2829,59
US,3603,74
US,6690,87
US,4659,18
US,10071,118
US,14286,140
US,1878,30
US,7254,95
US,18035,127
US,2350,32
US,1550,23
US,3415,34
US,10553,149
US,18403,258
US,4693,38
US,15991,254
US,623,21
US,4998,55
US,6417,55
US,6180,81
US,15825,94
US,13118,147
US,5592,87
US,5261,50
US,8844,113
US,2904,42
US,3658,41
US,2137,38
US,2562,0
US,4298,55
US,42590,339
US,3851,56
US,5175,87
US,3877,47
US,13908,168
US,2398,18
US,6721,45
US,14992,287
US,7367,130
US,33054,287
US,5239,69
US,10761,201
US,8763,140
US,3700,109
US,35244,471
US,63229,1111
US,51633,690
US,3057,52
US,1144,8
US,2558,55
US,3099,73
US,4791,89
US,6928,134
US,105127,1316
US,2325,38
US,6684,166
US,7931,153
US,6754,174
US,5521,90
US,18097,258
US,8514,148
US,4065,72
US,108036,1312
US,6584,152
US,3972,53
US,59182,485
US,26154,363
US,11446,137
US,35100,456
US,3027,58
US,6487,132
US,9520,160
US,83065,1100
US,47204,719
US,0,0
US,6107,44
US,5857,89
US,30833,560
US,1985,52
US,6137,94
US,5976,109
US,10677,108
US,13141,142
US,1829,23
US,5454,75
US,10000,183
US,21023,404
US,12231,181
US,11904,258
US,68035,832
US,32849,586
US,936,11
US,29205,407
US,926,0
US,6381,129
US,14402,222
US,9450,186
US,12181,245
US,10455,175
US,6870,84
US,3336,61
US,2703,44
US,4136,61
US,22207,260
US,12168,145
US,47500,341
US,5581,56
US,7138,77
US,22253,223
US,5749,31
US,5040,31
US,0,0
US,10951,140
US,26760,315
US,2912,30
US,4914,28
US,9369,102
US,13,0
US,5888,55
US,4154,50
US,38688,254
US,17039,349
US,88478,1043
US,130829,2428
US,110677,1742
US,11048,141
US,6012,80
US,21131,391
US,15299,255
US,27655,343
US,7670,106
US,45224,509
US,5653,114
US,37845,569
US,43162,367
US,3026,66
US,165707,2002
US,169163,2117
US,7019,108
US,5144,70
US,18752,208
US,5518,85
US,0,64
US,34897,574
US,19513,321
US,8595,154
US,34511,678
US,22688,407
US,148523,2480
US,6750,15
US,202811,3156
US,10323,170
US,131589,2070
US,27003,412
US,319007,4714
US,129238,2232
US,114433,1999
US,207287,2301
US,134275,8
US,189809,3037
US,1716,68
US,1699,13
US,26894,333
US,5556,133
US,4270,61
US,3185,63
US,2020,53
US,14207,160
US,26892,564
US,3394,64
US,34441,529
US,11236,173
US,33776,557
US,11049,137
US,4874,58
US,4562,100
US,8396,96
US,6701,153
US,20969,201
US,2540,29
US,9894,153
US,7359,106
US,26496,387
US,6327,82
US,324,5
US,100332,1675
US,5553,109
US,3241,68
US,17002,219
US,10639,177
US,10272,194
US,7705,89
US,7991,144
US,63288,734
US,16373,169
US,4772,135
US,2637,85
US,15454,199
US,39104,528
US,58492,656
US,3496,57
US,165289,1480
US,504,13
US,1831,35
US,20142,407
US,3541,50
US,24287,309
US,45416,434
US,1420,9
US,2371,29
US,225635,3842
US,3660,82
US,14854,121
US,6661,86
US,8596,105
US,5551,69
US,38144,175
US,18931,219
US,2886,59
US,37637,456
US,14933,199
US,1700,47
US,39313,617
US,11401,153
US,282960,3722
US,6271,89
US,4292,99
US,970,36
US,4953,77
US,1425,54
US,5566,95
US,74177,771
US,5653,39
US,2056,55
US,4583,110
US,48998,915
US,8633,184
US,1745,15
US,17671,225
US,40157,806
US,13596,199
US,13162,271
US,20,0
US,16884,262
US,73294,505
US,393795,7713
US,6996,104
US,2924,60
US,97674,782
US,8661,89
US,11445,124
US,13813,169
US,1368,8
US,17545,97
US,6482,77
US,8796,95
US,26338,113
US,6812,79
US,3054,47
US,14411,118
US,19544,121
US,2126,30
US,545,4
US,3187,41
US,15792,164
US,108626,759
US,5608,21
US,10791,115
US,3726,50
US,4689,24
US,8942,72
US,12869,126
US,1447,12
US,294821,2521
US,4468,18
US,4884,57
US,10024,116
US,10930,141
US,2131,17
US,3460,54
US,13243,135
US,1022,27
US,2675,35
US,1727,28
US,2030,28
US,754,6
US,6408,49
US,1203,6
US,7021,72
US,1704,17
US,2046,23
US,5533,61
US,10427,106
US,5816,74
US,7148,110
US,9009,101
US,11754,70
US,2016,15
US,7878,66
US,6904,59
US,1472,13
US,40034,171
US,13376,162
US,3504,41
US,6943,66
US,1979,34
US,8524,102
US,2966,17
US,122564,1313
US,927,13
US,3857,53
US,3639,56
US,17595,171
US,2314,33
US,4385,44
US,39740,250
US,27100,177
US,3456,23
US,46138,522
US,50186,360
US,10238,58
US,2603,13
US,2271,33
US,6655,56
US,828,10
US,5767,190
US,5501,16
US,4122,52
US,5420,39
US,66048,470
US,2941,23
US,1624,22
US,12459,71
US,36214,300
US,2508,28
US,7119,141
US,9897,153
US,3223,68
US,5253,111
US,2264,49
US,9238,177
US,4632,70
US,2556,50
US,5581,96
US,2213,33
US,2138,46
US,4207,106
US,4936,98
US,6432,121
US,7102,114
US,7056,109
US,49914,540
US,21908,307
US,1922,38
US,7120,86
US,3179,56
US,5497,128
US,12154,150
US,53345,652
US,51981,775
US,4440,104
US,2007,44
US,261,9
US,7359,143
US,36768,450
US,4814,75
US,1469,37
US,2844,53
US,21107,287
US,2164,47
US,15115,177
US,17320,160
US,18719,359
US,3572,56
US,6383,115
US,26559,294
US,7293,167
US,8269,156
US,17463,234
US,23911,321
US,6940,134
US,9876,172
US,10952,216
US,2948,75
US,10581,235
US,5989,97
US,2715,48
US,11063,158
US,10368,167
US,14979,269
US,3033,63
US,9571,184
US,10314,141
US,8175,103
US,1559,31
US,36386,478
US,6480,118
US,950,25
US,6939,146
US,4089,67
US,5385,70
US,5746,120
US,3176,60
US,7294,140
US,7296,106
US,6107,122
US,2510,45
US,0,0
US,9452,118
US,3580,79
US,10184,201
US,10248,195
US,5951,84
US,3377,69
US,1792,46
US,5199,103
US,4052,56
US,8006,103
US,5475,61
US,4691,55
US,1381,20
US,5684,107
US,6595,125
US,2803,50
US,3731,89
US,4134,92
US,2537,36
US,43160,244
US,22485,300
US,9919,157
US,1675,35
US,12005,121
US,9230,173
US,18546,238
US,2220,44
US,1491,21
US,24609,299
US,2904,48
US,1689,34
US,20760,250
US,1579,32
US,26884,357
US,4725,115
US,20052,272
US,4135,74
US,5367,97
US,1417,40
US,3780,70
US,1676,26
US,2138,44
US,3238,75
US,2538,77
US,7155,111
US,22570,326
US,3316,94
US,2133,30
US,69620,980
US,2414,65
US,1802,30
US,5724,78
US,1823,55
US,1048,27
US,2155,25
US,8841,205
US,2170,40
US,96739,1169
US,34477,515
US,53754,614
US,12052,139
US,111583,1222
US,957,12
US,8076,170
US,7694,124
US,7729,157
US,2716,34
US,15082,133
US,2523,62
US,3718,91
US,3600,52
US,3561,52
US,1590,34
US,7933,115
US,5242,66
US,693,12
US,6065,114
US,3319,56
US,3801,55
US,2161,40
US,2458,56
US,3996,104
US,5007,83
US,11665,194
US,6003,43
US,2015,32
US,3200,42
US,1693,55
US,2964,73
US,4886,44
US,11860,155
US,10021,234
US,4224,57
US,10250,100
US,8005,103
US,8789,113
US,990,23
US,2433,25
US,5990,100
US,5128,89
US,1148,25
US,2673,60
US,6252,100
US,722,25
US,682,18
US,11069,153
US,1590,36
US,1503,15
US,93420,890
US,2096,32
US,18934,278
US,218504,3218
US,55826,752
US,3643,39
US,6072,122
US,5746,117
US,1702,21
US,13230,218
US,4647,94
US,0,0
US,5035,102
US,8086,101
US,5921,133
US,2363,47
US,8980,142
US,399,3
US,3817,79
US,2117,28
US,4945,92
US,2056,31
US,1256,18
US,2028,28
US,248,5
US,24982,314
US,975,14
US,3034,46
US,386,9
US,2326,54
US,2506,28
US,676,10
US,2491,54
US,28998,266
US,33986,115
US,224,3
US,3922,68
US,150,5
US,528,8
US,4527,71
US,2582,23
US,219,1
US,6553,98
US,17465,172
US,394,4
US,4674,86
US,1802,20
US,385,9
US,408,10
US,1082,17
US,27100,201
US,911,26
US,4150,34
US,35,1
US,1053,28
US,1155,6
US,331,10
US,1864,28
US,262,3
US,6990,141
US,2566,31
US,3248,71
US,2627,59
US,2131,46
US,689,11
US,8433,129
US,1522,29
US,769,11
US,1268,20
US,1239,23
US,135,1
US,0,0
US,1691,36
US,382,14
US,204,8
US,42656,535
US,6438,46
US,1070,7
US,32,1
US,89,0
US,67,0
US,1087,4
US,2323,8
US,404,3
US,507,2
US,11948,57
US,1333,12
US,1894,11
US,6117,16
US,1502,11
US,741,5
US,542,7
US,2015,16
US,1510,11
US,2716,21
US,1802,15
US,2022,19
US,6905,65
US,1356,12
US,5250,31
US,323,1
US,1176,9
US,10048,62
US,148591,718
US,350,4
US,1126,8
US,419,4
US,542,1
US,1122,5
US,3570,19
US,366,1
US,398,1
US,370,5
US,107,4
US,409,1
US,16463,117
US,2252,17
US,375,0
US,104,0
US,532,5
US,2136,16
US,112,2
US,1185,10
US,1213,1
US,867,9
US,1178,5
US,1531,10
US,118,0
US,766,1
US,1678,12
US,77671,170
US,8666,60
US,148,0
US,87,0
US,9650,44
US,74,1
US,1702,15
US,1235,7
US,795,10
US,1482,15
US,970,11
US,3333,10
US,410,1
US,530,11
US,2319,10
US,1273,20
US,8613,50
US,1224,9
US,2320,15
US,1803,19
US,172,2
US,3799,2
US,49501,131
US,4991,16
US,9386,48
US,3363,32
US,995,10
US,584,4
US,66,0
US,745,11
US,1108,4
US,95,1
US,1775,11
US,4756,1787
US,744,2
US,4537,25
US,1823,7
US,710,7
US,127,0
US,3893,11
US,14470,204
US,6462,106
US,512905,7591
US,7949,88
US,12336,135
US,90,3
US,308,0
US,4503,53
US,1188,20
US,956,7
US,10738,167
US,960,16
US,6954,233
US,1409,29
US,344,10
US,0,0
US,102717,1162
US,1947,19
US,13335,170
US,9091,55
US,14324,105
US,6800,109
US,16995,61
US,96010,884
US,31720,221
US,65876,508
US,28530,202
US,9095,67
US,7973,26
US,67930,986
US,219506,3408
US,101083,1181
US,124469,1773
US,21684,294
US,39027,580
US,209817,3574
US,69177,940
US,168907,2706
US,24180,269
US,74892,1250
US,189985,2850
US,161811,2149
US,116720,1516
US,160268,2894
US,142908,2320
US,14215,245
US,66624,961
US,33538,466
US,3271,0
US,143014,2350
US,23607,338
US,145424,1672
US,410,13
US,21290,299
US,6845,178
US,2399,64
US,12503,180
US,568,5
US,62434,712
US,16956,261
US,6573,77
US,1095,17
US,80,4
US,1083,13
US,19143,316
US,5162,64
US,2678,13
US,6673,117
US,25596,570
US,751,16
US,13272,180
US,1975,49
US,9670,124
US,4969,92
US,40380,725
US,5726,51
US,33102,385
US,27849,252
US,2015,70
US,3780,85
US,5263,89
US,2657,51
US,6694,0
US,777,15
US,18378,251
US,58162,503
US,8830,151
US,404939,7703
US,44529,508
US,15240,217
US,15706,144
US,23390,291
US,21046,227
US,9173,118
US,16417,83
US,9910,140
US,10334,114
US,7580,68
US,63340,650
US,206287,2593
US,5484,57
US,9175,44
US,12318,166
US,13544,184
US,8463,123
US,842,5
US,13576,189
US,19683,131
US,687363,12740
US,6101,47
US,11498,113
US,12761,125
US,149607,1543
US,11705,199
US,399090,3809
US,404074,5413
US,47342,563
US,52335,778
US,107847,1033
US,19554,172
US,108762,1104
US,8535,112
US,25155,182
US,9686,88
US,0,455
US,23351,121
US,635518,11782
US,30968,245
US,164386,2288
US,91337,890
US,45322,320
US,32440,296
US,4919,34
US,3390,24
US,5779,89
US,20632,180
US,19601,240
US,423258,4346
US,18218,127
US,10527,82
US,17596,82
US,30959,360
US,456,1
US,13337,122
US,11893,113
US,16944,168
US,247344,2691
US,8233,82
US,3319,39
US,46356,447
US,10360,133
US,2925,12
US,6505,96
US,6343,72
US,4406,42
US,12167,159
US,4211,65
US,9275,118
US,29472,305
US,51276,540
US,24678,302
US,55035,463
US,22001,293
US,1717,9
US,13977,85
US,5199,43
US,47324,554
US,12531,108
US,7075,114
US,4107,54
US,2615,39
US,29469,362
US,15839,265
US,23843,191
US,82102,557
US,4841,32
US,7312,22
US,42752,389
US,11057,90
US,16715,232
US,69430,298
US,13380,141
US,91536,773
US,20072,65
US,64780,783
US,1853,19
US,2262,30
US,14109,111
US,5748,56
US,115121,1109
US,13875,177
US,32155,315
US,12820,194
US,24667,287
US,4676,81
US,14483,102
US,1303,13
US,47949,438
US,9220,86
US,58421,426
US,2196,38
US,15824,137
US,15601,204
US,24108,157
US,7436,106
US,5026,79
US,6035,89
US,13447,163
US,275730,1550
US,3259,34
US,7231,126
US,24017,313
US,26872,289
US,49341,378
US,4300,80
US,51513,367
US,25631,122
US,2584,27
US,8296,111
US,15214,118
US,2729,18
US,9153,104
US,52168,152
US,3818,52
US,35239,397
US,12511,184
US,40258,518
US,21758,261
US,40853,561
US,17325,392
US,18564,164
US,9888,126
US,19341,249
US,11084,166
US,20887,325
US,3437,36
US,6078,69
US,973,8
US,0,0
US,61272,475
US,11775,112
US,287173,1032
US,4283,39
US,3000,50
US,12224,53
US,27840,378
US,17532,253
US,21385,300
US,10704,107
US,4880,51
US,594,10
US,2959,46
US,1958,22
US,142,1
US,1578,25
US,829,9
US,430,3
US,34748,301
US,58650,331
US,813,7
US,1481,39
US,454,4
US,1032,8
US,758,6
US,727,18
US,979,23
US,475,4
US,22010,124
US,450,11
US,567,2
US,821,8
US,503,13
US,982,20
US,433,12
US,1294,31
US,680,9
US,3246,25
US,2726,49
US,2550,24
US,11161,142
US,3214,36
US,758,18
US,326,5
US,1960,16
US,1057,32
US,3613,55
US,1487,28
US,548,15
US,4020,23
US,5902,41
US,1030,9
US,292,7
US,1334,19
US,63,0
US,11598,85
US,383,2
US,7011,96
US,635,12
US,2184,26
US,0,0
US,3328,34
US,20652,249
US,1007,11
US,10431,68
US,10229,30
US,6910,139
US,27355,469
US,11913,212
US,19636,409
US,14366,131
US,11542,181
US,15572,288
US,11148,173
US,90855,1112
US,5245,122
US,8687,144
US,34869,555
US,51036,527
US,10283,160
US,24282,475
US,7927,152
US,11129,207
US,267031,3672
US,12340,231
US,10171,162
US,43955,264
US,19345,263
US,38273,417
US,7758,115
US,286796,2492
US,10291,175
US,7419,118
US,15929,261
US,37333,499
US,10410,149
US,186207,1991
US,17051,270
US,7047,150
US,3206,73
US,6416,106
US,10583,175
US,6566,116
US,5090,180
US,14420,219
US,8853,136
US,14622,306
US,13084,224
US,48646,723
US,17731,233
US,41438,468
US,10178,166
US,66233,955
US,99166,1366
US,9622,126
US,53149,1055
US,19776,262
US,39852,496
US,4577,80
US,9664,133
US,25651,470
US,3440,79
US,126274,1936
US,3257,55
US,7718,99
US,25184,287
US,3191,55
US,8422,136
US,4592,74
US,8240,123
US,17430,221
US,7428,111
US,33925,439
US,9423,193
US,8429,153
US,31391,497
US,19142,292
US,13840,230
US,20495,244
US,12714,223
US,11020,185
US,79490,1672
US,111757,1666
US,41282,913
US,20519,484
US,0,5
US,15519,98
US,6699,140
US,2889,55
US,57354,561
US,12305,197
US,23036,429
US,8978,159
US,31312,347
US,5399,101
US,7808,69
US,1704,14
US,3825,45
US,949,10
US,5885,100
US,2405,38
US,13483,127
US,8185,155
US,38719,365
US,13800,220
US,14459,139
US,4048,57
US,562,6
US,78440,765
US,1646,20
US,31417,364
US,1410,24
US,4676,51
US,18045,312
US,7747,160
US,10982,192
US,1058,28
US,766,7
US,15068,263
US,6978,132
US,13625,231
US,1027,14
US,1279,30
US,515,11
US,702,12
US,2767,37
US,2543,58
US,6533,97
US,1281,23
US,2998,51
US,12082,207
US,4108,62
US,1943,50
US,2269,32
US,12345,104
US,7772,127
US,10670,152
US,3028,36
US,2433,39
US,4527,39
US,10196,153
US,11531,125
US,7995,159
US,4879,118
US,4151,68
US,19823,319
US,3004,36
US,2767,36
US,3505,56
US,194092,2272
US,9635,173
US,10823,158
US,9074,121
US,0,0
US,4070,82
US,18116,149
US,10726,195
US,11857,125
US,20462,263
US,2626,42
US,864,15
US,25193,363
US,6061,125
US,10559,100
US,10851,189
US,5957,53
US,1504,30
US,168447,2028
US,3018,1558
US,21487,256
US,12590,239
US,2613,46
US,2340,36
US,5143,72
US,3197,46
US,14903,62
US,59402,539
US,4538,39
US,7482,75
US,10520,144
US,6007,77
US,3303,44
US,45458,247
US,19548,372
US,283,5
US,1593,18
US,1590,37
US,3499,42
US,42278,494
US,7166,84
US,16133,314
US,14001,198
US,1389,24
US,56566,475
US,6947,75
US,26209,236
US,8187,101
US,68482,668
US,2945,31
US,111494,1074
US,15138,127
US,315,4
US,3605,57
US,22258,203
US,0,0
US,5004,74
US,1241,14
US,5078,56
US,84518,519
US,243,3
US,17607,194
US,24612,354
US,261591,3242
US,15163,335
US,39893,713
US,10905,271
US,101769,1577
US,29474,599
US,14895,195
US,122089,1850
US,44162,712
US,34360,710
US,813,19
US,15770,283
US,34862,345
US,90850,1124
US,8177,199
US,19133,332
US,8993,124
US,14941,240
US,19678,311
US,50619,868
US,58821,939
US,109055,1836
US,7086,97
US,56662,740
US,30774,649
US,2232,35
US,40139,674
US,4093,65
US,8368,100
US,11441,240
US,17269,346
US,8905,222
US,4749,174
US,43008,735
US,120336,1857
US,18801,408
US,36371,505
US,88919,1228
US,73044,1318
US,28280,507
US,8104,138
US,23208,490
US,12221,274
US,36698,513
US,150234,2284
US,4489,91
US,78952,1073
US,22687,525
US,8791,180
US,305734,5010
US,9922,92
US,3137,91
US,34242,661
US,8054,154
US,18625,396
US,1045,36
US,7661,106
US,7901,190
US,0,0
US,11626,151
US,11194,233
US,7258,207
US,50469,638
US,10022,166
US,79225,1349
US,5038,103
US,118043,1463
US,2081,0
US,5755,0
US,6575,0
US,3698,0
US,3321,0
US,3267,0
US,11664,0
US,1655,0
US,2968,0
US,4197,0
US,30725,0
US,4560,0
US,19788,0
US,4370,0
US,5857,0
US,25423,0
US,3715,0
US,5295,0
US,1210,0
US,2321,0
US,5226,0
US,4072,0
US,2575,0
US,5490,0
US,157,0
US,5901,0
US,4020,0
US,2088,0
US,1314,0
US,4262,0
US,1801,0
US,13858,0
US,6694,0
US,4784,0
US,1662,0
US,7003,0
US,6204,0
US,1860,0
US,5429,0
US,5679,0
US,2260,0
US,3284,0
US,988,0
US,4790,0
US,2951,0
US,2268,0
US,5354,0
US,500,0
US,1229,0
US,8844,0
US,5360,0
US,4196,0
US,3102,0
US,4443,0
US,2606,0
US,434,0
US,1815,0
US,2099,0
US,16401,0
US,3495,0
US,2002,0
US,6822,0
US,2060,0
US,2906,0
US,3216,0
US,54864,0
US,4942,0
US,5384,0
US,2266,0
US,10819,0
US,11460,0
US,8972,0
US,15493,4140
US,3034,0
US,5535,0
US,9604,0
US,625,0
US,2796,0
US,3934,0
US,3687,0
US,0,0
US,13104,166
US,47311,491
US,19411,80
US,216688,2449
US,29438,15
US,31314,218
US,6615,67
US,41153,432
US,2074,24
US,57589,959
US,3406,74
US,5787,97
US,42831,369
US,51499,432
US,2766,60
US,111116,905
US,14492,311
US,10083,141
US,11732,184
US,8694,156
US,8819,215
US,18852,301
US,9684,141
US,55704,480
US,6707,66
US,5963,103
US,41609,618
US,15770,220
US,171497,1928
US,22441,293
US,4996,81
US,95896,1118
US,5880,93
US,21356,247
US,24959,275
US,18534,286
US,4235,92
US,95343,846
US,8512,160
US,7837,104
US,2218,38
US,13233,184
US,24083,328
US,23235,405
US,45660,603
US,121891,912
US,3918,74
US,94140,1512
US,27705,379
US,0,0
US,7622,145
US,8514,144
US,77270,619
US,767,17
US,4565,57
US,784,13
US,2289,38
US,8073,51
US,10233,119
US,1407,19
US,619,17
US,2729,44
US,265,7
US,2921,33
US,784,8
US,3479,21
US,8375,99
US,1060,17
US,2017,23
US,5846,77
US,1268,35
US,1034,12
US,3134,40
US,682,16
US,936,16
US,1798,39
US,562,16
US,2030,50
US,1063,34
US,450,12
US,1495,41
US,560,11
US,652,6
US,200,3
US,4289,57
US,1726,36
US,306,8
US,626,21
US,412,20
US,177,2
US,1308,21
US,2317,27
US,6544,82
US,15458,100
US,1203,12
US,781,13
US,1340,31
US,426,9
US,6974,62
US,524,7
US,454,13
US,56874,505
US,1373,28
US,3900,60
US,32538,333
US,680,18
US,697,7
US,2416,50
US,572,6
US,1406,35
US,631,6
US,245,3
US,2957,50
US,1378,24
US,1957,62
US,0,0
US,3998,52
US,1307,25
US,5896,56
US,665,11
US,21877,309
US,14871,220
US,4439,90
US,4636,53
US,38827,396
US,32944,383
US,11917,150
US,4152,56
US,8871,147
US,16302,311
US,10856,116
US,5723,91
US,8958,168
US,2216,46
US,11288,201
US,16852,239
US,5098,82
US,16001,309
US,189330,1586
US,6246,96
US,3671,63
US,15798,234
US,12642,191
US,11361,168
US,5668,115
US,12770,165
US,17187,250
US,9374,172
US,6735,103
US,21883,351
US,3960,69
US,19588,345
US,98468,1077
US,1985,31
US,7463,115
US,8629,136
US,16480,286
US,6107,97
US,8944,145
US,8160,147
US,6789,103
US,2663,59
US,4817,68
US,3189,59
US,15585,254
US,5096,85
US,126406,1278
US,2705,40
US,7692,98
US,14209,184
US,3565,50
US,9923,154
US,14319,185
US,8380,139
US,29429,403
US,8786,123
US,10312,116
US,28772,315
US,16604,236
US,7559,113
US,3345,54
US,14400,217
US,49805,547
US,2225,37
US,6102,77
US,10724,179
US,48597,253
US,7124,118
US,2315,48
US,1761,30
US,4670,65
US,24976,291
US,9920,148
US,15681,221
US,21427,288
US,95130,861
US,8917,109
US,4183,66
US,30075,389
US,234127,3151
US,6149,74
US,3268,52
US,45327,660
US,52831,687
US,17535,219
US,4200,45
US,43847,456
US,5116,90
US,5373,69
US,1840,46
US,12936,167
US,38226,465
US,5644,57
US,9440,134
US,8182,126
US,61546,383
US,41368,463
US,9503,230
US,3789,71
US,15245,474
US,4055,79
US,2096,28
US,503,9
US,13315,229
US,5592,71
US,1382,38
US,3541,74
US,21613,227
US,809,32
US,8174,150
US,66568,869
US,547084,5959
US,2507,33
US,95,2
US,4020,70
US,19700,413
US,92862,972
US,59756,404
US,1053,27
US,445,8
US,1606,51
US,10887,224
US,4993,66
US,10727,163
US,14079,173
US,5671,47
US,2782,72
US,99148,1994
US,2808,73
US,1488,34
US,7055,189
US,2260,46
US,10275,69
US,7923,248
US,2584,29
US,2044,32
US,869,23
US,832,19
US,1617,69
US,204600,1455
US,687,16
US,3725,61
US,32385,535
US,3134,77
US,1070,11
US,7194,130
US,17137,208
US,280,9
US,1266,24
US,984,19
US,1835,45
US,508,14
US,2126,40
US,566262,6553
US,2763,93
US,6424,96
US,4500,111
US,1796,24
US,176900,1315
US,424,16
US,5728,51
US,1065,24
US,3311,68
US,2771,111
US,36961,684
US,465,11
US,204457,3667
US,48417,573
US,8627,122
US,3732,63
US,6782,179
US,4738,100
US,605,24
US,1916,48
US,199,11
US,177807,1197
US,2123,40
US,3842,82
US,5637,91
US,1886,83
US,94835,832
US,1232,27
US,5300,106
US,197,3
US,1186,32
US,4681,95
US,6091,122
US,27019,618
US,23057,656
US,8423,119
US,37042,390
US,6522,240
US,1067,22
US,1958,32
US,1904,29
US,555,19
US,12000,245
US,994883,10738
US,13061,223
US,1336,3
US,891,39
US,59698,492
US,1182,7
US,15337,417
US,195698,3832
US,8809,191
US,7589,157
US,13298,266
US,7163,177
US,3997,107
US,6694,178
US,978,16
US,15678,356
US,6609,133
US,438,3
US,1496,28
US,3225,59
US,6059,181
US,221,9
US,44577,812
US,2598,22
US,11084,203
US,41910,712
US,4519,90
US,5505,67
US,34960,523
US,8037,116
US,82,2
US,202,4
US,9504,179
US,677,15
US,41,0
US,735,10
US,7127,143
US,491,24
US,2324,46
US,9550,250
US,4287,122
US,5504,87
US,4172,115
US,4220,60
US,3685,90
US,17559,396
US,5066,122
US,649,16
US,2134,40
US,3856,97
US,165,1
US,93180,1300
US,1413,37
US,3687,53
US,1658,59
US,1167,26
US,779,12
US,8199,174
US,20678,456
US,1257,46
US,56631,891
US,168,9
US,10012,194
US,511,12
US,37506,487
US,4905,100
US,1466,34
US,1861,47
US,4626,122
US,135689,1268
US,5452,110
US,2491,69
US,270,12
US,12031,255
US,12392,217
US,1358,59
US,3050,97
US,98087,1461
US,2204,48
US,544,6
US,14907,342
US,7005,150
US,4511,128
US,33997,436
US,2277,52
US,2648,69
US,7783,244
US,35266,689
US,964,35
US,1829,57
US,27216,478
US,855,14
US,806,24
US,2264,64
US,4587,71
US,1752,32
US,171,2
US,4510,74
US,25991,257
US,2275,64
US,10677,227
US,1231,87
US,1048,42
US,5359,100
US,10999,334
US,1236,35
US,520,9
US,4960,102
US,670,12
US,4360,126
US,492,16
US,45251,945
US,2102,35
US,19632,360
US,1806,45
US,245,5
US,352,7
US,838,12
US,1925,33
US,559524,5718
US,30318,707
US,117,3
US,2473,84
US,267,8
US,8437,126
US,40856,458
US,219368,1684
US,2446,72
US,3371,83
US,74185,23
US,7641,178
US,827,18
US,10536,139
US,14247,291
US,10339,273
US,18406,404
US,18308,210
US,9356,101
US,2804,43
US,8990,145
US,92407,1009
US,8842,206
US,1157,20
US,29216,651
US,3438,86
US,6872,125
US,131649,864
US,10703,155
US,1835,34
US,16772,259
US,7975,279
US,1072,41
US,3886,89
US,3652,52
US,4025,67
US,51350,228
US,20606,159
US,99824,380
US,339958,1569
US,3955,47
US,9979,74
US,63233,605
US,13370,22
US,21265,93
US,12676,97
US,3562,6
US,200992,754
US,10649,33
US,73472,418
US,5189,15
US,9348,65
US,5416,24
US,30047,159
US,1214,3
US,9279,66
US,997,5
US,3729,17
US,4787,14
US,6044,37
US,12208,71
US,952,2
US,9345,46
US,6503,34
US,8396,50
US,15440,109
US,6914,103
US,15722,144
US,29748,183
US,3563,94
US,2583,58
US,7023,83
US,3686,51
US,40354,318
US,18821,201
US,883,19
US,16565,220
US,1746,20
US,7285,93
US,4365,72
US,3054,44
US,4748,103
US,3786,55
US,1991,39
US,11442,193
US,6753,78
US,6584,136
US,1141,27
US,2382,44
US,10046,72
US,49450,468
US,71079,732
US,2599,41
US,4781,93
US,999,24
US,1109,15
US,11494,143
US,1229,23
US,10940,262
US,3306,45
US,5228,84
US,1143,53
US,2247,31
US,173584,1393
US,1952,43
US,1926,16
US,12823,137
US,2531,45
US,4915,42
US,10655,183
US,2457,50
US,20377,232
US,5256,34
US,2541,76
US,4014,44
US,7252,100
US,3876,43
US,3990,76
US,3975,60
US,3303,37
US,6961,148
US,27399,312
US,21461,265
US,13174,152
US,63506,875
US,11272,245
US,359,7
US,6108,118
US,7237,106
US,14690,114
US,4970,36
US,3660,35
US,1113,11
US,1775,30
US,6181,86
US,2821,39
US,66038,368
US,6454,75
US,2303,30
US,19911,264
US,2152,36
US,9012,70
US,3682,25
US,3178,113
US,1418,28
US,5973,109
US,1794,45
US,18349,144
US,2683,32
US,4561,32
US,35920,380
US,41280,458
US,2133,61
US,2144,43
US,1295,22
US,3971,85
US,6864,85
US,5528,117
US,3542,89
US,8299,137
US,13559,182
US,2320,29
US,20640,311
US,4876,55
US,4672,65
US,8159,63
US,93831,712
US,7165,127
US,4878,46
US,897,9
US,2620,25
US,43862,470
US,21173,270
US,20604,336
US,3214,75
US,14389,222
US,6789,101
US,5632,97
US,5700,102
US,10727,219
US,8660,164
US,3265,88
US,26470,279
US,29849,166
US,5554,105
US,18547,288
US,1076,19
US,2404,39
US,10015,157
US,0,0
US,88619,792
US,8411,146
US,13628,208
US,5281,60
US,3221,49
US,1707,20
US,6245,76
US,10145,184
US,7411,135
US,9664,105
US,4896,38
US,4392,64
US,51659,459
US,19885,155
US,11069,127
US,85083,765
US,603,15
US,22111,340
US,10963,66
US,1386,28
US,32033,210
US,383,7
US,25422,209
US,15994,193
US,9817,70
US,2877,28
US,367762,2561
US,38670,323
US,8071,58
US,3437,43
US,17253,232
US,2183,27
US,12082,131
US,8319,117
US,3342,54
US,2460,32
US,188607,1336
US,1152,2
US,21792,189
US,1467,11
US,147445,1070
US,121174,1324
US,7943,140
US,45890,385
US,3294,7
US,519,6
US,14978,138
US,36608,274
US,8617,90
US,70683,752
US,4753,74
US,35415,267
US,6534,74
US,3832,42
US,4937,103
US,27148,358
US,1811,13
US,2330,37
US,2137,18
US,12940,180
US,2079,18
US,3752,56
US,9368,146
US,5784,68
US,6649,140
US,4161,48
US,19602,242
US,6823,131
US,14099,131
US,46838,686
US,5268,78
US,5469,72
US,9515,173
US,14768,167
US,8775,150
US,6573,89
US,5509,64
US,16743,250
US,7806,155
US,7853,119
US,24300,192
US,4156,40
US,4209,68
US,7226,91
US,10976,156
US,1924,17
US,2054,34
US,1998,27
US,9145,128
US,16508,170
US,22404,316
US,9298,77
US,2403,30
US,3118,36
US,2769,49
US,4456,65
US,1958,33
US,2182,30
US,0,0
US,6747,85
US,9744,111
US,2205,28
US,4274,80
US,1432,23
US,22005,335
US,6891,100
US,4604,53
US,3246,36
US,13373,139
US,3222,38
US,83575,493
US,3421,12
US,3942,41
US,14417,114
US,18537,176
US,7604,117
US,15105,124
US,4205,28
US,122574,489
US,26924,311
US,6918,62
US,11437,73
US,13218,70
US,29889,179
US,1076,15
US,31576,246
US,2666,50
US,12587,143
US,8937,52
US,5049,60
US,5180,25
US,1461,47
US,5628,41
US,21314,228
US,7646,64
US,43718,614
US,5817,56
US,34302,166
US,3608,22
US,5177,79
US,6977,142
US,20312,181
US,39029,478
US,11513,113
US,3778,55
US,1892,13
US,266872,2134
US,11844,82
US,11342,108
US,8438,132
US,53982,368
US,21961,164
US,1945,18
US,11421,72
US,12199,119
US,17831,154
US,3239,30
US,55944,664
US,3798,44
US,42337,363
US,3397,54
US,15805,115
US,4499,59
US,11601,141
US,32302,294
US,24294,143
US,4802,68
US,8335,60
US,0,0
US,5935,90
US,5186,87
US,26534,276
US,3950,45
US,37782,308
US,111309,1019
US,13550,246
US,6353,84
US,51183,362
US,20704,214
US,9833,47
US,2568,60
US,12058,142
US,4600,51
US,3129,53
US,1346,28
US,13697,183
US,3593,56
US,1149,15
US,1842,19
US,25991,279
US,3966,29
US,22175,265
US,651,9
US,6729,136
US,1898,39
US,8036,74
US,1920,27
US,11022,123
US,9819,16
US,5629,37
US,0,0
US,2345,43
US,1562,18
Uganda,163416,3592
Ukraine,163768,2973
Ukraine,126202,2751
Ukraine,150465,3290
Ukraine,157596,4866
Ukraine,303551,9454
Ukraine,216052,5607
Ukraine,181629,3476
Ukraine,305661,6858
Ukraine,107686,2881
Ukraine,201270,3703
Ukraine,445098,8966
Ukraine,226220,5019
Ukraine,45117,1741
Ukraine,80033,2392
Ukraine,303357,6569
Ukraine,146174,3530
Ukraine,325462,5917
Ukraine,179994,4181
Ukraine,171031,2530
Ukraine,73298,2088
Ukraine,182268,3208
Ukraine,146363,2391
Ukraine,149845,3546
Ukraine,132045,2394
Ukraine,112462,2724
Ukraine,215070,5866
Ukraine,192801,3538
United Arab Emirates,883593,2302
United Kingdom,2574,9
United Kingdom,11743,123
United Kingdom,6091,62
United Kingdom,19811,18
United Kingdom,0,0
United Kingdom,16321911,141201
United Kingdom,116,0
United Kingdom,15807,101
United Kingdom,14434,31
United Kingdom,23777,80
United Kingdom,39490,115
United Kingdom,164,2
United Kingdom,641509,3237
United Kingdom,4,0
United Kingdom,1521797,10888
United Kingdom,5867,36
United Kingdom,0,0
United Kingdom,821797,7033
Uruguay,857635,7059
Uzbekistan,236994,1637
Vanuatu,52,1
Venezuela,516966,5650
Vietnam,4776873,40977
West Bank and Gaza,652298,5583
Winter Olympics 2022,533,0
Yemen,11781,2138
Zambia,314159,3959
Zimbabwe,240343,5400
